Jurisdiction,Agenda Page
Piedmont,http://piedmont.hosted.civiclive.com/cms/One.aspx?portalId=13659823&pageId=14120431
Piedmont,https://piedmont.ca.gov/government/commissions___committees/planning_commission
Albany,https://www.albanyca.org/our-city/kalb-community-media/city-council-video-and-agendas
Albany,https://www.albanyca.org/government/council-advisory-body-documents/advisory-body-documents/-folder-612#docan1734_6194_4044
Emeryville,https://www.ci.emeryville.ca.us/88/Video-Agendas-Reports-Minutes-Archive
Emeryville,http://www.emeryville.org/104/Planning-Commission
Newark,https://www.newark.org/departments/city-manager-s-office/agendas-minutes
Union City,https://www.unioncity.org/199/City-Meetings-Video
Dublin,https://dublin.ca.gov/82/City-Council-Meetings
Dublin,https://www.dublin.ca.gov/83/Planning-Commission
San Leandro,https://sanleandro.legistar.com/Calendar.aspx
Livermore,https://www.livermoreca.gov/departments/city-clerk/city-council-meeting-calendar-agendas
Livermore,https://www.livermoreca.gov/departments/city-clerk/city-council-meeting-calendar-agendas
Hayward,https://hayward.legistar.com/Calendar.aspx
Alameda,https://alameda.legistar.com/Calendar.aspx
Pleasanton,http://weblink.cityofpleasantonca.gov/weblink/Browse.aspx?startid=84829&cr=1
Pleasanton,http://www.cityofpleasantonca.gov/gov/depts/cd/planning/commission/default.asp
Berkeley,https://www.cityofberkeley.info/Clerk/Commissions/Commissions__Planning_Commission_Homepage.aspx
Berkeley,https://www.cityofberkeley.info/berkmtg/
Fremont,https://www.fremont.gov/government/agenda-center
Fremont,https://www.fremont.gov/government/agenda-center/planning-commission
Oakland,https://oakland.legistar.com/calendar.aspx
Oakland,https://www.oaklandca.gov/boards-commissions/planning-commission/meetings
Alameda County,https://bos.acgov.org/regular-meetings/
Unincorporated,https://www.acgov.org/cda/planning/agendas.htm
Albany,https://www.albanyca.org/our-city/kalb-community-media/public-meeting-video-and-agendas
Emeryville,https://www.ci.emeryville.ca.us/citycouncil
Newark,https://www.newark.org/departments/city-manager-s-office/agendas-minutes
Dublin,https://dublin.ca.gov/1604/Meetings-Agendas-Minutes-Video-on-Demand
San Leandro,https://sanleandro.legistar.com/Calendar.aspx
Livermore,https://www.livermoreca.gov/departments/city-clerk/advisory-bodies/planning-commission
Alameda,https://www.alamedaca.gov/GOVERNMENT/Agendas-Minutes-Announcements
Pleasanton,https://www.cityofpleasantonca.gov/our-government/mayor-city-council/#meetings-city-council-agenda
Pleasanton,http://www.cityofpleasantonca.gov/gov/depts/cd/planning/commission/media_page.asp
Fremont,https://www.fremont.gov/government/agenda-center/city-council
Oakland,https://www.oaklandca.gov/services/view-city-council-meeting-schedule-agendas-minutes-and-video
Plymouth,https://cityofplymouth.org/agendas-and-reports/
Sutter Creek,https://cityofsuttercreek.org/agendas-minutes/
Ione,https://www.ione-ca.com/city-government/agendas-and-reports
Ione,https://www.ione-ca.com/city-government/planning-commission
Jackson,https://www.ci.jackson.ca.us/city_services/city_clerk_records.php#outer-187sub-1195
Jackson,https://www.ci.jackson.ca.us/city_services/city_clerk_records.php#
Amador City,https://amador-city.com/government-agendas-minutes/
Biggs,https://www.biggs-ca.gov/Government/Agendas--Minutes/index.html
Chico,https://chico.ca.us/post/2021-agendas
Chico,https://chico.ca.us/agendas-minutes
Gridley,http://gridley.ca.us/government-and-departments/city-council/
Gridley,http://gridley.ca.us/government-and-departments/planning-commission/
Oroville,https://www.cityoforoville.org/government/agendas-minutes
Paradise,https://www.townofparadise.com/meetings
Chico,http://chico-ca.granicus.com/ViewPublisher.php?view_id=2
Butte County,https://www.buttecounty.net/335/Board-of-Supervisors-Meeting-Information
Butte County,https://www.buttecounty.net/543/Planning-Commission-PC
Pinole,"https://www.ci.pinole.ca.us/cms/one.aspx?pageId=14626563 
https://www.pinole.gov/city-government/city-council/meeting-agendas/"
Clayton,"https://ci.clayton.ca.us/city-clerk-department/city-council/city-council-agendas/
https://www.pinole.gov/city-government/city-council/meeting-agendas/"
Clayton,https://claytonca.gov/government/commissions-and-committees/#pc-desc
Hercules,https://hercules.legistar.com/Calendar.aspx
San Pablo,https://www.sanpabloca.gov/1400/City-CouncilLSA-Planning-Comm-AgendasMin
San Pablo,https://sanpablo.legistar.com/Calendar.aspx
Oakley,https://www.ci.oakley.ca.us/agendas-minutes-videos-archive/
Moraga,https://www.moraga.ca.us/AgendaCenter/Planning-Commission-9
Moraga,https://www.moraga.ca.us/AgendaCenter/
Martinez,https://www.cityofmartinez.org/gov/meetings.asp
Orinda,http://orindaca.iqm2.com/Citizens/Board/1000-City-Council
Orinda,http://orindaca.iqm2.com/Citizens/Default.aspx
El Cerrito,http://ca-elcerrito2.civicplus.com/482/Council-Meeting-Videos-Materials
El Cerrito,https://www.el-cerrito.org/Archive.aspx?AMID=45
Brentwood,https://www.brentwoodca.gov/government/city-manager/city-clerk/council-meetings-online
Pleasant Hill,https://www.ci.pleasant-hill.ca.us/Archive.aspx?AMID=30
Pleasant Hill,https://www.ci.pleasant-hill.ca.us/Archive.aspx?AMID=32&Type=&ADID=
Pittsburg,http://www.ci.pittsburg.ca.us/index.aspx?page=534
Pittsburg,https://onbaseweb.pittsburgca.gov/OnBaseAgendaOnline
Lafayette,https://www.planlafayette.org/get-involved
Lafayette,https://www.lovelafayette.org/city-hall/city-council/city-council-meetings
Lafayette,https://www.lovelafayette.org/city-hall/commissions-committees/planning-commission
Danville,https://www.danville.ca.gov/129/Agendas-Minutes
Antioch,https://www.antiochca.gov/government/agendas-and-minutes/planning-commission/
Antioch,https://www.antiochca.gov/government/agendas-and-minutes/city-council/
Richmond,http://www.ci.richmond.ca.us/2864/Planning-Commission
Richmond,https://www.ci.richmond.ca.us/151/Council-Agenda-Documents
San Ramon,http://sanramonca.iqm2.com/Citizens/Board/1015-Planning-Commission
San Ramon,http://sanramonca.iqm2.com/citizens/default.aspx?
Concord,https://stream.ci.concord.ca.us/OnBaseAgendaOnline/Meetings/Search?dropid=11&mtids=107&dropsv=01%2F01%2F2021%2000%3A00%3A00&dropev=12%2F31%2F2050%2000%3A00%3A00
Concord,https://stream.ci.concord.ca.us/OnBaseAgendaOnline/Meetings/Search?dropid=4
Walnut Creek,https://www.walnut-creek.org/government/public-meeting-agendas-and-videos
Clayton,https://claytonca.gov/government/commissions-and-committees/
Moraga,https://www.moraga.ca.us/AgendaCenter
Martinez,https://www.cityofmartinez.org/government/meetings-and-agendas
Orinda,https://www.cityoforinda.org/393/City-Council-Agendas-and-Minutes
El Cerrito,https://www.el-cerrito.org/698/Agendas-Minutes
Pleasant Hill,https://www.pleasanthillca.gov/277/Agendas
Lafayette,https://www.lovelafayette.org/city-hall/city-council/city-council-meetings
Danville,https://www.danville.ca.gov/129/Meetings-Agendas-Minutes
San Ramon,https://www.sanramon.ca.gov/how_do_i_/get_involved/official
Concord,https://www.cityofconcord.org/965/Public-Meetings-and-Agendas
Walnut Creek,https://www.walnutcreekca.gov/government/public-meeting-agendas-and-videos/public-meeting-schedule
Crescent City,https://www.crescentcity.org/meetings
Crescent City,https://crescentcity.org/plancomm.html
Del Norte County,https://delnortecoca.portal.civicclerk.com/
Del Norte County,"County of Del Norte, California - Planning Commission (del-norte.ca.us)"
Placerville,https://www.cityofplacerville.org/pc-meetings
Placerville,https://www.cityofplacerville.org/city-council-agenda
South Lake Tahoe,https://cityofslt.us/80/City-Council
South Lake Tahoe,http://cityofslt.us/114/Planning-Commission
Clovis,https://cityofclovis.com/government/city-council/city-council-agendas/
Clovis,https://cityofclovis.com/planning-and-development/planning/planning-commission/planning-commission-agendas/
Coalinga,https://www.coalinga.com/AgendaCenter/City-Council-5
Coalinga,https://www.coalinga.com/AgendaCenter/Planning-Commission-4
Firebaugh,https://firebaugh.org/meetingsagendas/
Fowler,http://fowlercity.org/agendas-minutes/
Fresno,https://fresno.primegov.com/public/portal
Fresno,https://fresno.legistar.com/DepartmentDetail.aspx?ID=24452&GUID=26F8DAF5-AC08-46BE-A9E4-EC0C6DDC0F66&Search=
Huron,http://cityofhuron.com/meeting-agenda-and-minutes/
Kerman,https://cityofkerman.net/planning-commission-meeting-agendas-minutes/
Kerman,https://cityofkerman.net/city-council-meeting-agendas-minutes/
Kingsburg,https://cityofkingsburg-ca.gov/AgendaCenter/City-Council-9
Kingsburg,https://cityofkingsburg-ca.gov/AgendaCenter/Planning-Commission-8
Mendota,http://ci.mendota.ca.us/agendas-and-minutes/
Mendota,http://ci.mendota.ca.us/planning-commission-agendas-and-minutes/
Orange Cove,http://cityoforangecove.com/agendas/
Orange Cove,http://cityoforangecove.com/planning-commission/
Parlier,http://parlier.ca.us/agendas/
Reedley,https://reedley.ca.gov/boards-commissions/planning-commission/planning-commission-agendas-minutes/
Reedley,https://reedley.ca.gov/city-council/city-council-agendas/
San Joaquin,http://www.cityofsanjoaquin.org/government.html
Sanger,https://www.ci.sanger.ca.us/AgendaCenter
Sanger,https://www.ci.sanger.ca.us/AgendaCenter/Planning-Commission-3
Selma,https://www.cityofselma.com/government/city_council/council_meetings___agendas.php
Selma,http://www.cityofselma.com/council/commissions/comm_records.htm#planningcommission
Fresno,https://fresno.legistar.com/Calendar.aspx
Selma,"City of Selma, CA"
Willows,https://www.cityofwillows.org/dept/city-council/city-clerk/city-council-meetings
Willows,https://www.cityofwillows.org/dept/community-development-services-department/planning/planning-commission-meetings
Orland,https://www.cityoforland.com/minutes-agendas/
Trinidad,https://trinidad.ca.gov/documents
Blue Lake,https://bluelake.ca.gov/city-council/council-commissions/planning-commission/
Blue Lake,https://bluelake.ca.gov/city-council/agendas-minutes/
Westmorland,https://www.cityofwestmorland.net/city-clerk/agendas-&-minutes/2021-agendas-&-minutes/
Calipatria,http://www.calipatria.com/council/agendas-&-minutes/
Holtville,https://www.holtville.ca.gov/government/meetings/
Brawley,http://www.brawley-ca.gov/section/City-Council/Agendas-and-Minutes
Brawley,http://www.brawley-ca.gov/section/Planning/Pc-Agenda-and-Minutes
Imperial,https://www.cityofimperial.org/city-council-agenda-archive
Imperial,https://www.cityofimperial.org/planning-agenda-archive
El Centro,https://cityofelcentro.org/cityclerk/meetings-agendas/
El Centro,http://elcentrocityca.iqm2.com/Citizens/calendar.aspx?View=List&From=1/1/2015&To=12/31/2015
Calexico,https://www.calexico.ca.gov/councilagendas
Wasco,"https://www.cityofwasco.org/AgendaCenter/Search/?term=&CIDs=2,&startDate=&endDate=&dateRange=&dateSelector="
Wasco,"https://www.cityofwasco.org/AgendaCenter/Search/?term=&CIDs=3,&startDate=&endDate=&dateRange=&dateSelector="
Vernon,http://www.cityofvernon.org/government/public-meetings/city-council
Industry,https://www.cityofindustry.org/city-hall/city-council
Industry,https://www.cityofindustry.org/city-hall/boards-commissions/planning-commission
Avalon,https://www.cityofavalon.com/129/Agendas-Minutes
Avalon,http://www.cityofavalon.com/content/3180/3372/default.aspx
Hidden Hills,https://hiddenhillscity.org/city-council/live-and-archived-city-council-meeting-broadcasts/
Bradbury,https://www.cityofbradbury.org/city-hall/city-council/agendas-minutes
Bradbury,https://cityofbradbury.org/government/city_council/agendas___minutes.php
Rolling Hills,https://www.rolling-hills.org/government/agenda/index.php
Malibu,https://www.malibucity.org/AgendaCenter/Planning-Commission-4
Malibu,https://www.malibucity.org/AgendaCenter/City-Council-8
Irwindale,https://ca-irwindale2.civicplus.com/AgendaCenter/City-Council-1
Irwindale,https://www.irwindaleca.gov/AgendaCenter/Planning-Commission-3
Westlake Village,http://westlakevillage.granicus.com/viewpublisher.php?view_id=8
La Habra Heights,https://www.lhhcity.org/129/Agendas-Minutes
Rolling Hills Estates,https://www.ci.rolling-hills-estates.ca.us/government/mayor-city-council/agendas-minutes-video
Rolling Hills Estates,https://www.ci.rolling-hills-estates.ca.us/government/mayor-city-council/agendas-minutes-video-531
Palos Verdes Estates,https://www.pvestates.org/government/city-council/city-meetings
Sierra Madre,https://www.cityofsierramadre.com/cms/One.aspx?portalId=212393&pageId=271118
Sierra Madre,https://www.cityofsierramadre.com/cityhall/elected_officials/city_council/agendas_minutes
Bell,https://www.cityofbell.org/?NavID=93
Commerce,https://cityofcommerce.legistar.com/Calendar.aspx
Agoura Hills,https://www.agourahillscity.org/department/city-clerk/commission-meeting-agendas/-fsiteid-1
Agoura Hills,http://agourahills.granicus.com/ViewPublisher.php?view_id=2
Hawaiian Gardens,https://www.hgcity.org/government/city-council/city-council-agendas-videos
Hawaiian Gardens,https://www.hgcity.org/government/boards-commissions-committees/commissions/commission-meetings
Calabasas,https://www.cityofcalabasas.com/government/commissions/planning-commission
Calabasas,https://www.cityofcalabasas.com/government/city-council/current-agenda
Paramount,http://www.paramountcity.com/government/city-council/meeting-agendas-minutes-copy
Paramount,http://www.paramountcity.com/government/city-commissions/planning-commission/community-development-commission-agenda
Maywood,https://www.cityofmaywood.com/290/Agendas-Minutes
Maywood,https://www.cityofmaywood.com/maywood-planning-commission-agendas-minutes
Cudahy,https://www.cityofcudahy.com/AgendaCenter/City-Council-2
Cudahy,https://www.cityofcudahy.com/AgendaCenter/Planning-Commission-3
San Marino,https://www.cityofsanmarino.org/government/agendas___minutes_/2021.php
El Segundo,https://www.elsegundo.org/government/departments/city-clerk/agendas-minutes
El Segundo,https://www.elsegundo.org/our-city/calendar
Bell Gardens,https://www.bellgardens.org/i-want-to/view-agendas
Bell Gardens,https://www.bellgardens.org/government/city-departments/city-clerk/bell-gardens-commissions/planning-commission/-folder-234#docan459_474_565
Signal Hill,https://www.cityofsignalhill.org/Archive.aspx?AMID=42
Signal Hill,https://www.cityofsignalhill.org/Archive.aspx?AMID=38
Hermosa Beach,https://www.hermosabeach.gov/our-community/agendas-minutes-video
South El Monte,https://www.cityofsouthelmonte.org/129/City-Council-Agendas-Minutes
South El Monte,https://www.cityofsouthelmonte.org/373/Agendas-Minutes
La Canada Flintridge,https://cityoflcf.org/city-clerk/agenda-minutes/
Rancho Palos Verdes,https://www.rpvca.gov/772/City-Meeting-Video-and-Agendas
Manhattan Beach,https://www.citymb.info/government/city-council/city-council-meetings-agendas-and-minutes
Manhattan Beach,https://www.citymb.info/departments/boards-and-commissions/planning-commission
Lomita,https://lomitacity.com/agendas-minutes/
Lomita,http://www.lomita.com/cityhall/government/pzbs/pcMeetings/index2021.cfm
Duarte,https://www.accessduarte.com/howdoi/find/agendas/default.htm
Santa Fe Springs,https://www.santafesprings.org/cityhall/planning/planningcommission/default.asp
Santa Fe Springs,https://www.santafesprings.org/council/city_council_meeting_agendas_and_minutes/default.asp
Compton,http://www.comptoncity.org/officials/clerk/agendas/public.asp
Compton,https://www.comptoncity.org/departments/city-clerk/agendas-meetings-and-minutes/city-council-agenda
Artesia,https://ca-artesia2.civicplus.com/AgendaCenter/City-Council-1
Artesia,https://www.cityofartesia.us/AgendaCenter
San Dimas,https://sandimasca.gov/agendas-minutes/
Walnut,https://www.cityofwalnut.org/my-government/meetings-agendas/planning-commission
Walnut,https://www.cityofwalnut.org/my-government/meetings-agendas/city-council
La Verne,https://www.cityoflaverne.org/index.php/government/city-council-agendas
La Verne,https://www.cityoflaverne.org/index.php/documents/agendas-minutes/planning-commission-agendas
Lynwood,http://lynwood.ca.us/document-category/agendas/
Lynwood,http://lynwood.ca.us/notice-category/4yourinfo/
Huntington Park,https://www.hpca.gov/Archive.aspx?AMID=68
Huntington Park,https://www.hpca.gov/Archive.aspx?AMID=35
Monrovia,https://www.cityofmonrovia.org/your-government/city-council/agendas-minutes
Monrovia,https://www.cityofmonrovia.org/your-government/boards-and-commissions/planning-commission/agendas-minutes
Claremont,https://www.ci.claremont.ca.us/government/departments-divisions/city-clerk-s-office/document-archive
Hawthorne,https://www.cityofhawthorne.org/departments/community-services/hawthorne-television/council-meeting-video
San Fernando,https://ci.san-fernando.ca.us/city-council/#1576540627247-9b7a1b63-dbff
San Fernando,https://ci.san-fernando.ca.us/commissions-boards/
Cerritos,http://www.cerritos.us/RESIDENTS/tv3/video_archive.php
Covina,https://covinaca.gov/meetings?field_microsite_tid_1=27
Covina,https://covinaca.gov/meetings?date_filter%5Bvalue%5D%5Bmonth%5D=6&date_filter%5Bvalue%5D%5Bday%5D=4&date_filter%5Bvalue%5D%5Byear%5D=2020&date_filter_1%5Bvalue%5D%5Bmonth%5D=1&date_filter_1%5Bvalue%5D%5Bday%5D=3&date_filter_1%5Bvalue%5D%5Byear%5D=2021&field_microsite_tid=All&field_microsite_tid_1=28
La Puente,http://lapuente.granicus.com/ViewPublisher.php?view_id=3
La Puente,http://lapuente.granicus.com/ViewPublisher.php?view_id=2
La Mirada,https://www.cityoflamirada.org/about-us/agendas-and-minutes
La Mirada,https://www.cityoflamirada.org/about-us/commissions-and-advisory-bodies/planning-commission-agendas-minutes/-toggle-all
Baldwin Park,http://baldwinpark.granicus.com/ViewPublisher.php?view_id=10
South Pasadena,https://www.southpasadenaca.gov/government/city-council-meetings/2021-council-meetings
South Pasadena,https://www.southpasadenaca.gov/government/boards-commissions/planning-commission/test-planning-commission-agendas-minutes-copy
Temple City,https://www.ci.temple-city.ca.us/117/Agendas-Minutes
Temple City,https://www.ci.temple-city.ca.us/363/Planning
Glendora,https://meetings.ci.glendora.ca.us/onbaseagendaonline
Redondo Beach,https://redondo.legistar.com/Calendar.aspx
Redondo Beach,https://www.redondo.org/depts/city_clerk/boards_n_commissions_information/boards_n_commissions/planning.asp
Lawndale,https://www.lawndalecity.org/cms/one.aspx?pageId=17106541
Lawndale,https://www.lawndalecity.org/government/departments/city_clerk_s_office/agendas_minutes/planning_commission
Diamond Bar,http://diamondbarca.iqm2.com/Citizens/calendar.aspx
Azusa,https://www.ci.azusa.ca.us/Archive.aspx?AMID=30
Azusa,https://www.ci.azusa.ca.us/Archive.aspx?AMID=48
San Gabriel,https://www.sangabrielcity.com/agendacenter
San Gabriel,https://www.sangabrielcity.com/Archive.aspx?AMID=38
Beverly Hills,http://www.beverlyhills.org/departments/informationtechnology/beverlyhillstelevision/citycouncilmeetings/
Beverly Hills,http://www.beverlyhills.org/departments/communitydevelopment/planning/commissions/planningcommission/web.jsp
Arcadia,https://www.arcadiaca.gov/discover/city_council/city_council_meetings___agendas.php
Arcadia,https://www.arcadiaca.gov/discover/boards_and_commissions/planning_commission.php
Culver City,https://culver-city.legistar.com/Calendar.aspx
Culver City,https://culver-city.legistar.com/DepartmentDetail.aspx?ID=27979&GUID=3535218F-2E59-4F92-9E0F-44A0A4655676
Whittier,https://online.cityofwhittier.org/OnBaseAgendaOnline/
Bellflower,https://www.bellflower.org/government/boards_committees___commissions/planning_commission.php
Bellflower,https://www.bellflower.org/government/city_council/city_council_meetings.php
Lakewood,https://www.lakewoodcity.org/council/all_agendas_.asp
West Hollywood,https://www.weho.org/city-government/city-council/council-agendas
West Hollywood,https://www.weho.org/city-government/download-documents/-folder-231
Pico Rivera,http://www.pico-rivera.org/depts/ced/planning/commission/pc_agendas.asp
Pico Rivera,http://www.pico-rivera.org/depts/admin/clerk/am/agendas.asp
Rosemead,http://www3.cityofrosemead.org:8081/weblink/browse.aspx?startid=136&dbid=0
Torrance,https://www.torranceca.gov/government/city-clerk/commissions-and-advisory-boards/planning-commission/agendas-and-minutes
Torrance,https://www.torranceca.gov/government/council-agendas-minutes/-folder-5355
Norwalk,https://www.norwalk.org/city-hall/meeting-agendas-393
Montebello,https://www.cityofmontebello.com/department/planning-community-development/planning-commission.html
Montebello,https://www.cityofmontebello.com/government/public-meetings.html
Monterey Park,https://www.montereypark.ca.gov/AgendaCenter/City-Council-17
Monterey Park,https://www.montereypark.ca.gov/AgendaCenter
West Covina,https://www.westcovina.org/departments/city-clerk/agendas-and-meetings/current-meetings-and-agendas
West Covina,https://www.westcovina.org/departments/community-development/planning-division/planning-commission
Carson,http://ci.carson.ca.us/CommunityDevelopment/planning_agenda.aspx
Carson,http://ci.carson.ca.us/Government/videoarchive.aspx
Gardena,https://www.cityofgardena.org/agendas-planning-environmental-commission/
Gardena,https://www.cityofgardena.org/agendas-city-council/
Downey,https://lf.downeyca.org/WebLink/Browse.aspx?id=993194&dbid=0&repo=Downey
Downey,https://lf.downeyca.org/WebLink/Browse.aspx?id=777192&dbid=0&repo=Downey
Palmdale,https://www.cityofpalmdale.org/310/City-Council-Meetings
Palmdale,https://www.cityofpalmdale.org/284/Planning-Commission
Alhambra,https://www.cityofalhambra.org/AgendaCenter/Planning-Commission-10
Inglewood,https://www.cityofinglewood.org/AgendaCenter/Planning-Commission-4
Inglewood,https://www.cityofinglewood.org/AgendaCenter/City-Council-3
South Gate,"https://www.cityofsouthgate.org/AgendaCenter/Search/?term=&CIDs=3,&startDate=&endDate=&dateRange=&dateSelector="
South Gate,"https://www.cityofsouthgate.org/AgendaCenter/Search/?term=&CIDs=2,&startDate=&endDate=&dateRange=&dateSelector="
El Monte,https://www.ci.el-monte.ca.us/AgendaCenter/Planning-Commission-2
El Monte,http://www.elmonteca.gov/378/Council-Meeting-Videos
Burbank,https://www.burbankca.gov/web/city-clerks-office/meeting-agendas-and-minutes
Santa Monica,https://www.smgov.net/departments/clerk/agendas.aspx
Santa Monica,https://www.smgov.net/Departments/PCD/Boards-Commissions/Planning-Commission/
Lancaster,https://www.cityoflancasterca.org/government/city-officials/city-council/meetings-agendas-and-minutes
Lancaster,https://www.cityoflancasterca.org/our-city/departments-services/city-clerk/meetings-agendas-and-minutes/public-meetings-web-streaming
Pasadena,https://www.cityofpasadena.net/commissions/planning-commission/
Pasadena,http://ww2.cityofpasadena.net/councilagendas/council_agenda.asp
Santa Clarita,http://santaclaritacityca.iqm2.com/Citizens/calendar.aspx
Santa Clarita,http://santaclaritacityca.iqm2.com/Citizens/default.aspx
Pomona,https://www.pomonaca.gov/government/current-council-agenda
Pomona,https://pomona.legistar.com/Calendar.aspx
Glendale,https://www.glendaleca.gov/government/public-meeting-portal
Long Beach,http://longbeach.legistar.com/Calendar.aspx
Los Angeles,https://planning.lacity.org/about/commissions-boards-hearings
Los Angeles,https://www.lacity.org/government/meeting-calendars/city-council-meetingsagendas
Compton,https://www.comptoncity.org/departments/city-clerk/agendas-meetings-and-minutes/public-meetings-and-agendas/-folder-27
La Verne,https://www.cityoflaverne.org/AgendaCenter/
Maywood,"Agendas & Minutes | Maywood, CA (cityofmaywood.com)"
Compton,https://www.comptoncity.org/departments/city-clerk/agendas-meetings-and-minutes
Downey,https://lf.downeyca.org/WebLink/Browse.aspx?id=965266&dbid=0&repo=Downey
Duarte,https://www.accessduarte.com/government/agendas-minutes
South Gate,Planning Commission Agenda and Minutes Archive City of South Gate
South Gate,Default View - Granicus Content
Ross,https://www.townofross.org/meetings?field_microsite_tid_1=27
Belvedere,https://www.cityofbelvedere.org/AgendaCenter/Planning-Commission-7
Fairfax,https://www.townoffairfax.org/agendas-town-council/
Fairfax,https://www.townoffairfax.org/planning-commission-meetings/
Tiburon,https://www.townoftiburon.org/282/Agendas-Minutes-Staff-Reports
Sausalito,https://www.sausalito.gov/city-government/city-council/meetings-and-agendas
Sausalito,https://www.sausalito.gov/city-government/special-committees/general-plan-advisory-committee/meetings-and-agendas
Sausalito,https://www.sausalito.gov/city-government/boards-and-commissions/planning-commission/meetings-and-agendas
Corte Madera,https://www.townofcortemadera.org/AgendaCenter/Planning-Commission-2
San Anselmo,https://www.townofsananselmo.org/779/Town-Council-Meeting-Packets
Mill Valley,https://www.cityofmillvalley.org/278/Watch-Meetings-Online
Larkspur,https://www.ci.larkspur.ca.us/Archive.aspx?AMID=49
Larkspur,https://www.ci.larkspur.ca.us/Archive.aspx?AMID=43
Novato,https://www.novato.org/government/city-council/agendas-minutes-videos
Novato,https://www.novato.org/government/city-council/agendas-minutes/planning-commission
San Rafael,https://www.cityofsanrafael.org/city-council-meetings/
San Rafael,https://www.cityofsanrafael.org/planning-commission-meetings/
Marin County,https://www.marincounty.gov/departments/board/board-supervisors-meetings#meetingagendasandvideos
Marin County,https://www.marincounty.org/depts/cd/divisions/planning/boards-commissions-and-public-hearings/planning-commission-hearings-page
Belvedere,https://www.cityofbelvedere.org/AgendaCenter/City-Council-6
Tiburon,http://www.townoftiburon.org/283/Agendas-Minutes-Staff-Reports
Sausalito,https://www.sausalito.gov/city-government/city-council/meetings-and-agendas
Corte Madera,https://www.townofcortemadera.org/AgendaCenter/
San Anselmo,https://sananselmo-ca.legistar.com/Calendar.aspx
Larkspur,https://www.ci.larkspur.ca.us/288/Agendas-and-Minutes
Novato,https://www.novato.org/government/city-council/agendas-minutes-videos
Novato,https://www.novato.org/government/commissions-committees-boards/planning-commission
San Rafael,https://www.cityofsanrafael.org/city-council-meetings/
Marin County,https://www.marincounty.gov/departments/board/board-supervisors-meetings
Merced,https://cityofmerced.legistar.com/Calendar.aspx
Del Rey Oaks,https://www.delreyoaks.org/meetings?date_filter%5Bvalue%5D%5Bmonth%5D=11&date_filter%5Bvalue%5D%5Bday%5D=19&date_filter%5Bvalue%5D%5Byear%5D=2020&date_filter_1%5Bvalue%5D%5Bmonth%5D=5&date_filter_1%5Bvalue%5D%5Bday%5D=19&date_filter_1%5Bvalue%5D%5Byear%5D=2021&field_microsite_tid=All&field_microsite_tid_1=28
Del Rey Oaks,https://www.delreyoaks.org/meetings?field_microsite_tid_1=27
Gonzales,https://gonzalesca.iqm2.com/Citizens/Default.aspx
Gonzales,http://cityofgonzales.granicus.com/viewpublisher.php?view%20id=2
Greenfield,"https://ci.greenfield.ca.us/AgendaCenter/Search/?term=&CIDs=3,&startDate=&endDate=&dateRange=&dateSelector="
Greenfield,https://ci.greenfield.ca.us/AgendaCenter/City-Council-2
King City,https://www.kingcity.com/agendacenter
Marina,https://www.cityofmarina.org/AgendaCenter
Monterey,http://isearchmonterey.org/onbaseagendaonline/
Pacific Grove,https://destinyhosted.com/agenda_publish.cfm?id=72243
Salinas,https://salinas.legistar.com/Calendar.aspx
Sand City,https://www.sandcity.org/government/agendas-and-minutes
Seaside,http://www.ci.seaside.ca.us/129/City-Council-Committee-Agendas
Soledad,https://cityofsoledad.com/our-city/city-government/city-council/
Soledad,https://cityofsoledad.com/our-city/city-government/boards-commissions/
Carmel-by-the-Sea,https://ci.carmel.ca.us/meetings
Del Rey Oaks,https://www.delreyoaks.org/meetings?date_filter%5Bvalue%5D%5Bmonth%5D=5&date_filter%5Bvalue%5D%5Bday%5D=1&date_filter%5Bvalue%5D%5Byear%5D=2023&date_filter_1%5Bvalue%5D%5Bmonth%5D=12&date_filter_1%5Bvalue%5D%5Bday%5D=31&date_filter_1%5Bvalue%5D%5Byear%5D=2023&field_microsite_tid_1=28
Monterey County,https://monterey.legistar.com/DepartmentDetail.aspx?ID=16920&GUID=21CA48BE-E797-4C78-97A6-257DB3CAF22E&Mode=MainBody
Monterey County,https://monterey.legistar.com/Calendar.aspx
Soledad,https://www.cityofsoledad.com/public-meetings/
Yountville,https://www.townofyountville.com/council-3
Calistoga,https://www.ci.calistoga.ca.us/city-hall/city-council/agendas-minutes/-toggle-next7days
Calistoga,https://www.ci.calistoga.ca.us/city-hall/planning-commission
Saint Helena,https://sthelena.civicweb.net/Portal/MeetingTypeList.aspx
American Canyon,https://www.cityofamericancanyon.org/government/city-hall/mayor-city-council
American Canyon,https://www.cityofamericancanyon.org/government/city-hall/commissions-boards-committees/planning-commission
Napa County,https://napa.granicus.com/ViewPublisher.php?view_id=3
Napa,https://napacity.legistar.com/Calendar.aspx
Napa,https://napacity.legistar.com/Page.aspx?M=Y
St. Helena,https://www.cityofsthelena.org/calendar.aspx?CID=25
American Canyon,https://www.americancanyon.gov/Work/Local-Government/City-Hall/City-Clerk/Meetings-Agendas
American Canyon,https://www.cityofamericancanyon.org/government/city-hall/city-clerk/meetings-agendas
Napa,https://napacity.legistar.com/Calendar.aspx
Villa Park,http://villapark.org/Council-and-Committees/Council-Agenda-and-Minutes
Laguna Beach,https://www.lagunabeachcity.net/cityhall/citygov/cityclerk/mam.htm
Dana Point,https://www.danapoint.org/department/city-council/meetings-agendas-minutes/meetings-agendas-minutes
Dana Point,https://www.danapoint.org/department/commissions-subcommittees-boards/planning-commission
Rancho St. Margarita,https://www.cityofrsm.org/129/Agendas-Minutes
Los Alamitos,https://cityoflosalamitos.org/your-government/city-council/agendas-and-minutes/
Los Alamitos,https://cityoflosalamitos.org/your-government/city-commissions/planning-commission/
La Palma,https://www.cityoflapalma.org/72/Agendas-and-Minutes
La Habra,"https://www.lahabracity.com/AgendaCenter/Search/?term=&CIDs=2,&startDate=&endDate=&dateRange=&dateSelector="
La Habra,https://destinyhosted.com/agenda_publish.cfm?id=52422&mt=ALL
San Clemente,https://www.san-clemente.org/government/city-council/agendas
San Clemente,https://www.san-clemente.org/government/commissions-committees/planning-commission
Laguna Woods,https://www.cityoflagunawoods.org/city-council-agendas-minutes-2024
San Juan Capistrano,https://sanjuancapistrano.org/Government/Public-Meetings
San Juan Capistrano,https://sanjuancapistrano.org/Departments/City-Clerk/Public-Meetings
Aliso Viejo,https://avcity.org/129/Agendas-Minutes
Laguna Niguel,https://www.cityoflagunaniguel.org/agendacenter
Laguna Niguel,"https://ca-lagunaniguel4.civicplus.com/AgendaCenter/Search/?term=&CIDs=8,&startDate=&endDate=&dateRange=&dateSelector="
Stanton,https://www.stantonca.gov/government/agendas___minutes/index.php
Seal Beach,https://www.sealbeachca.gov/Government/Agendas-Notices-Meeting-Videos/Council-Commission-Meetings
Laguna Hills,http://lagunahillsca.iqm2.com/Citizens/Default.aspx
Mission Viejo,https://dms.cityofmissionviejo.org/OnBaseAgendaOnline/
Mission Viejo,https://missionviejo.granicus.com/ViewPublisher.php?view_id=12
Brea,http://weblink.cityofbrea.net/weblink8/browse.aspx?dbid=0&startid=33323
Brea,https://www.ci.brea.ca.us/509/Meeting-Agendas-Minutes
Yorba Linda,https://www.yorbalindaca.gov/197/Council-Meeting-Agendas-Minutes
Yorba Linda,https://www.yorbalindaca.gov/206/Planning-Commission
Santa Ana,https://www.santa-ana.org/cc/city-meetings?tid=en
Lake Forest,https://www.lakeforestca.gov/129/Agendas
Cypress,https://www.cypressca.org/government/city-council-meetings
Orange,https://cityoforange.legistar.com/Calendar.aspx
Placentia,https://www.placentia.org/667/City-Council-Meeting-Archives
Placentia,https://www.placentia.org/Archive.aspx?AMID=37
Fountain Valley,"https://www.fountainvalley.org/AgendaCenter/Search/?term=&CIDs=2,&startDate=&endDate=&dateRange=&dateSelector="
Fountain Valley,https://www.fountainvalley.org/AgendaCenter/Planning-Commission-5
Newport Beach,https://newportbeach.legistar.com/Calendar.aspx
Tustin,https://www.tustinca.org/282/Meetings-Agendas
Tustin,^ see above
Buena Park,https://www.buenapark.com/city_departments/city_clerk/commissions_and_committees/planning_commission.php
Buena Park,http://www.buenapark.com/city-departments/city-council/council-agenda
Westminster,https://www.westminster-ca.gov/departments/community-development/planning-division/planning-commission/agendas-minutes
Westminster,https://westminsterca.granicus.com/ViewPublisher.php?view_id=2
Costa Mesa,https://costamesa.legistar.com/Calendar.aspx
Costa Mesa,https://www.costamesaca.gov/city-hall/commissions-and-committees/planning-commission/agendas-videos-minutes/2021-agendas-and-minutes
Fullerton,https://fullerton.legistar.com/Calendar.aspx
Huntington Beach,https://huntingtonbeach.legistar.com/Calendar.aspx
Huntington Beach,https://www.huntingtonbeachca.gov/housing-element-update/meeting-information/
Huntington Beach,https://huntingtonbeach.legistar.com/DepartmentDetail.aspx?ID=36680&GUID=BEFA9BEC-D352-4133-B594-8F0E324DF248&Mode=MainBody
Anaheim,"http://www.anaheim.net/AgendaCenter/Search/?term=&CIDs=18,&startDate=&endDate=&dateRange=&dateSelector="
Garden Grove,https://ggcity.org/commissions/planning-commission
Garden Grove,https://ggcity.org/cgi-bin/city_council/videos_and_agendas.cgi
Irvine,https://www.cityofirvine.org/community-development/planning-commission-agendas-minutes-0#Agenda
Irvine,https://www.cityofirvine.org/government/city-council/city-council-agendas
Costa Mesa,"Archived Agendas, Videos, Minutes | City of Costa Mesa (costamesaca.gov)"
La Habra,"Council Meetings | La Habra, CA - Official Website (lahabraca.gov)"
Laguna Beach,"Agendas, Minutes, and Meeting Videos | Laguna Beach, CA (lagunabeachcity.net)"
Los Alamitos,"Planning Commission | Los Alamitos, CA (cityoflosalamitos.org)"
Canyon Lake,http://canyonlakeca.gov/agendas_minutes
Indian Wells,https://www.cityofindianwells.org/city-hall/current-future-agendas
Norco,http://www.norco.ca.us/government/council/2021.asp
Blythe,https://www.cityofblythe.ca.gov/agendacenter
La Quinta,https://www.laquintaca.gov/business/city-council/city-council-agendas
Banning,http://www.banning.ca.us/archive.aspx
Rancho Mirage,https://ranchomirageca.gov/our-city/city-government/city-council/agendas-staff-reports-minutes/
Rancho Mirage,https://weblink.ranchomirageca.gov/WebLink/Browse.aspx?id=303189&dbid=0&repo=RanchoMirage
Calimesa,http://www.cityofcalimesa.net/
Cathedral,https://www.cathedralcity.gov/i-want-to/view/city-council-meetings
Palm Springs,https://destinyhosted.com/agenda_publish.cfm?id=72567&mt=CC
Palm Desert,https://www.cityofpalmdesert.org/our-city/mayor-and-city-council-/city-council-meeting-information-center
Eastvale,https://www.eastvaleca.gov/our-city/what-s-new/calendar
Murrieta,http://www.murrietaca.gov/129/Agendas-Minutes-Video
Desert Hot Springs,https://cityofdhs.civicweb.net/Portal/
Beaumont,https://beaumont-ca.municodemeetings.com/meetings3/home
Jurupa Valley,https://www.jurupavalley.org/agendacenter
Corona,https://corona.legistar.com/Calendar.aspx
Hemet,https://www.hemetca.gov/388/Agendas-Minutes
Menifee,https://www.cityofmenifee.us/88/Agendas-Minutes-and-Videos
Lake Elsinore,https://lake-elsinore.legistar.com/Calendar.aspx
Indio,https://www.indio.org/departments/city-council
Coachella,https://www.coachella.org/city-government/city-council/agendas-and-minutes
Moreno Valley,http://morenovalleyca.iqm2.com/Citizens/default.aspx
City of Riverside,https://riversideca.legistar.com/Calendar.aspx
Elk Grove,http://www.elkgrovecity.org/city_hall/city_government/live___archived_broadcasts
Hollister,http://hollisterca.iqm2.com/Citizens/Default.aspx
San Juan Bautista,https://www.san-juan-bautista.ca.us/government/city_clerk/city_council_agendas_and_minutes.php#revize_document_center_rz2475
Needles,http://cityofneedles.com/city-meetings/planning-commission/
Needles,http://cityofneedles.com/city-meetings/city-council/
Big Bear Lake,https://www.citybigbearlake.com/index.php/government-main/city-calendar
Grand Terrace,http://grandterracecityca.iqm2.com/Citizens/Default.aspx
Yucca Valley,http://yuccavalleyca.iqm2.com/Citizens/default.aspx
Barstow,http://barstowcityca.iqm2.com/Citizens/Calendar.aspx?View=Calendar
Loma Linda,http://www.lomalinda-ca.gov/our_city/board__city_council/city_council
Loma Linda,http://www.lomalinda-ca.gov/our_city/board__city_council/planning_commission/agenda/2021
Highland,https://www.cityofhighland.org/AgendaCenter/
Highland,https://www.cityofhighland.org/AgendaCenter/Planning-Commission-3
Montclair,https://www.cityofmontclair.org/council-meetings/
Yucaipa,https://yucaipa.org/agendas-minutes/
Redlands,https://www.cityofredlands.org/meeting-agendas-minutes
Adelanto,https://adelanto.granicus.com/ViewPublisher.php?view_id=1
Apple Valley,https://www.applevalley.org/services/town-clerk/agendas
Apple Valley,https://www.applevalley.org/services/planning-division/agendas
Upland,https://www.uplandca.gov/city-council-agendasminutes
Chino,http://chinocityca.iqm2.com/citizens/default.aspx
San Bernardino,http://sanbernardinocityca.iqm2.com/Citizens/Board/1000-Mayor-and-City-Council-of-the-City-of-San-Bernardino
San Bernardino,http://sanbernardinocityca.iqm2.com/Citizens/Board/1033-Planning-Commission
Rialto,https://rialto.legistar.com/Calendar.aspx
Rancho Cucamonga,https://ranchocucamonga.primegov.com/public/portal/?fromiframe=1#/
Ontario,https://www.ontarioca.gov/Agendas/CityCouncil
Ontario,https://www.ontarioca.gov/Agendas/PlanningCommission
Ontario,https://www.ontarioca.gov/Agendas/Zoning
Apple Valley,Town Meeting Agendas and Minutes | Town of Apple Valley
Apple Valley,https://www.applevalley.org/services/planning-division/planning-commission
Del Mar,https://www.delmar.ca.us/184/Planning-Commission
Solana Beach,https://www.ci.solana-beach.ca.us/index.asp?SEC=C38A5C14-3D2B-4356-BFEA-A35854AC6D45&Type=B_BASIC
Coronado,https://www.coronado.ca.us/government/boards_commissions/planning_commission/agendas_and_minutes
Santee,https://www.cityofsanteeca.gov/government/city-clerk/boards-commissions-and-committees/compoc
Poway,https://poway.org/636/Council-Meetings
Lemon Grove,https://www.lemongrove.ca.gov/city-hall/city-council/current-city-council-meeting-agenda
Vista,https://www.cityofvista.com/city-services/city-departments/city-clerk/online-resources/city-commissions-boards-committees/planning-commission
El Cajon,https://www.cityofelcajon.us/your-government/city-meetings-with-agendas-and-minutes-all
La Mesa,https://www.cityoflamesa.us/agendacenter/planning-commission-15
Oceanside,https://www.ci.oceanside.ca.us/gov/dev/planning/agendas.asp
Escondido,https://www.escondido.org/agendas-with-staff-reports.aspx
Chula Vista,http://cvapps.chulavistaca.gov/weblink8/browse.aspx?startid=44649
San Francisco,https://sfbos.org/meetings/full-board-meetings
San Francisco,https://sfplanning.org/hearings-events
Lodi,http://www.lodi.gov/AgendaCenter
Lodi,"http://www.lodi.gov/AgendaCenter/Search/?term=&CIDs=3,&startDate=&endDate=&dateRange=&dateSelector="
Colma,https://www.colma.ca.gov/city-council-meetings/
Portola Valley,https://www.portolavalley.net/town-government/planning-commission/minutes-and-agendas
Atherton,https://www.ci.atherton.ca.us/Archive.aspx?AMID=41
Atherton,https://www.ci.atherton.ca.us/641/Agendas-Minutes
Woodside,https://www.woodsidetown.org/calendar/month?field_microsite_tid=All&field_microsite_tid_1=491
Woodside,https://www.woodsideca.gov/AgendaCenter
Half Moon Bay,https://www.half-moon-bay.ca.us/315/City-Council-Agendas
Half Moon Bay,https://www.half-moon-bay.ca.us/314/Planning-Commission-Agendas
Hillsborough,https://www.hillsborough.net/agendacenter
East Palo Alto,https://www.cityofepa.org/citycouncil/page/agenda-and-minutes
Brisbane,https://www.brisbaneca.org/meetings?date_filter%5Bvalue%5D%5Bmonth%5D=1&date_filter%5Bvalue%5D%5Bday%5D=1&date_filter%5Bvalue%5D%5Byear%5D=2016&date_filter_1%5Bvalue%5D%5Bmonth%5D=6&date_filter_1%5Bvalue%5D%5Bday%5D=18&date_filter_1%5Bvalue%5D%5Byear%5D=2024&field_microsite_tid_1=27
Brisbane,https://www.brisbaneca.org/meetings?date_filter%5Bvalue%5D%5Bmonth%5D=1&date_filter%5Bvalue%5D%5Bday%5D=1&date_filter%5Bvalue%5D%5Byear%5D=2016&date_filter_1%5Bvalue%5D%5Bmonth%5D=6&date_filter_1%5Bvalue%5D%5Bday%5D=18&date_filter_1%5Bvalue%5D%5Byear%5D=2021&field_microsite_tid_1=28
Belmont,https://www.belmont.gov/departments/meetings-agendas-minutes/-selcat-12/-toggle-all
Belmont,https://www.belmont.gov/departments/meetings-agendas-minutes/-selcat-1/-toggle-all
Foster City,https://www.fostercity.org/agendasandminutes
Pacifica,https://pacificacityca.iqm2.com/Citizens/Calendar.aspx
Millbrae,https://www.ci.millbrae.ca.us/community/city-calendar/-selcat-6
Millbrae,https://www.ci.millbrae.ca.us/AgendaCenter
San Carlos,http://sancarlosca.iqm2.com/Citizens/Default.aspx
San Mateo County,https://planning.smcgov.org/upcoming-planning-commission-meetings
San Mateo County,https://sanmateocounty.legistar.com/Calendar.aspx
Menlo Park,https://beta.menlopark.org/Agendas-and-minutes
Menlo Park,https://www.menlopark.org/AgendaCenter
San Bruno,https://www.sanbruno.ca.gov/AgendaCenter
San Bruno,https://www.sanbruno.ca.gov/gov/boards_commissions_n_committees/planning_commission/planning_commission_agendas_and_minutes/default.htm
Burlingame,https://www.burlingame.org/government/city_council/city_council_meeting_documents_and_minutes.php
Burlingame,https://www.burlingame.org/169/City-Council---Agendas-and-Minutes
South San Francisco,https://ci-ssf-ca.legistar.com/DepartmentDetail.aspx?ID=32599&GUID=49FB66DF-7416-497B-AD48-CFD01E4669A6
South San Francisco,https://ci-ssf-ca.legistar.com/DepartmentDetail.aspx?ID=32898&GUID=00089F17-549D-4750-BEAB-D874B7DB6D86&R=111fecdc-a817-4fe6-9b0d-657b7bec6383
Daly City,https://www.dalycity.org/369/Planning-Commission
Daly City,https://www.dalycity.org/129/Agendas-Minutes
Redwood City,https://www.redwoodcity.org/city-hall/advisory-bodies-and-committees/regulatory-and-advisory-boards-commissions-and-committees/planning-commission/agendas-minutes
Redwood City,https://www.redwoodcity.org/city-hall/city-council/city-council-meetings-agendas-and-minutes
San Mateo,https://www.cityofsanmateo.org/3971/Agendas-Minutes-Public-Meeting-Portal
Portola Valley,"Meeting Minutes, Agendas, and Recordings | Portola Valley, CA"
Atherton,https://www.ci.atherton.ca.us/641/Agendas-Minutes
Woodside,https://www.woodsideca.gov/agendacenter
Half Moon Bay,https://www.half-moon-bay.ca.us/315/City-Council-Agendas
Hillsborough,https://www.hillsborough.net/AgendaCenter/City-Council-3
East Palo Alto,https://www.ci.east-palo-alto.ca.us/citycouncil/page/agenda-and-minutes
Brisbane,https://www.brisbaneca.org/meetings
Brisbane,https://www.brisbaneca.org/meetings
Belmont,https://www.belmont.gov/departments/meetings-agendas-minutes
Foster City,https://www.fostercity.org/agendasandminutes
Pacifica,https://www.cityofpacifica.org/government/city-council/city-council-agendas
Millbrae,https://www.ci.millbrae.ca.us/AgendaCenter
San Carlos,cityofsancarlos.org/agenda
San Carlos,https://www.cityofsancarlos.org/residents/public-meetings
San Mateo County,https://www.smcgov.org/bos/board-supervisors-agenda-information
Menlo Park,https://menlopark.gov/Agendas-and-minutes#section-2
San Bruno,https://www.sanbruno.ca.gov/AgendaCenter/City-Council-17
San Bruno,https://www.sanbruno.ca.gov/563/Planning-Commission
Burlingame,https://www.burlingame.org/169/City-Council---Agendas-and-Minutes
South San Francisco,https://www.ssf.net/Departments/City-Council/City-Council-Meetings
Daly City,https://www.dalycity.org/129/Agendas-Minutes
Redwood City,"Meetings, Agendas, and Minutes | City of Redwood City"
Redwood City,https://www.redwoodcity.org/city-hall/advisory-bodies-and-committees/regulatory-and-advisory-boards-commissions-and-committees/housing-and-human-concerns-committee/agendas-minute
San Mateo,https://www.cityofsanmateo.org/3971/Agendas-Minutes-Public-Meeting-Portal
Pacifica,https://pacificacityca.iqm2.com/Citizens/Calendar.aspx
Pacifica,https://pacificacityca.iqm2.com/Citizens/Calendar.aspx
Guadalupe,https://ci.guadalupe.ca.us/document-category/council-agendas/
Carpinteria,https://carpinteriaca.gov/city-hall/agendas-meetings//
Carpinteria,https://carpinteriaca.gov/city-hall/agendas-meetings/
Goleta,https://www.cityofgoleta.org/i-want-to/news-and-updates/government-meeting-agendas-and-videos
Lompoc,https://www.cityoflompoc.com/government/committees-boards/city-council
Lompoc,https://www.cityoflompoc.com/government/committees-boards/planning-commission
Santa Maria,https://cityofsantamaria.civicweb.net/Portal/MeetingTypeList.aspxx
Santa Maria,https://cityofsantamaria.civicweb.net/Portal/MeetingTypeList.aspx
Santa Barbara,https://www.santabarbaraca.gov/gov/brdcomm/nz/planning/agendas.asp
Santa Barbara,https://www.santabarbaraca.gov/gov/cityhall/council/meetings/videos/default.asp
Buellton,City Council Agenda Archive | City of Buellton California
Buellton,Planning Commission Agenda/Packet Archive | City of Buellton California
Solvang,Agenda Center • Solvang CA • CivicEngage (cityofsolvang.com)
Santa Barbara,https://santabarbaraca.gov/planning-commission/planning-commission-agendas-documents
Monte Sereno,https://montesereno.civicweb.net/Portal/MeetingSchedule.aspx&month=4
Los Altos Hills,https://www.losaltoshills.ca.gov/506/CITY-COUNCIL-AGENDAS-MINUTES-AFTER-JUNE-
Morgan Hill,https://morganhillca.portal.civicclerk.com/
Gilroy,http://gilroyca.iqm2.com/Citizens/default.aspx
Saratoga,https://www.saratoga.ca.us/AgendaCenter/City-Council-13
Saratoga,https://www.saratoga.ca.us/AgendaCenter/Planning-Commission-6
Los Altos,https://www.losaltosca.gov/citycouncil/page/city-council-planning-commission-meetings
Los Gatos,https://meetings.municode.com/PublishPage/index?cid=LOSGATOS&ppid=4bc370fb-3064-458e-a11a-78e0c0e5d161&p=0
Los Gatos,https://meetings.municode.com/PublishPage/index?cid=LOSGATOS&ppid=ed97530d-9c22-4c95-961a-4d6a2c43b619&p=1
Campbell,https://www.ci.campbell.ca.us/AgendaCenter/City-Council-10
Campbell,https://www.ci.campbell.ca.us/AgendaCenter/Planning-Commission-6
Cupertino,https://cupertino.legistar.com/DepartmentDetail.aspx?ID=22534&GUID=759DE527-B7CF-4B4C-88AB-B83875AB732D&Mode=MainBody
Cupertino,https://cupertino.legistar.com/DepartmentDetail.aspx?ID=22538&GUID=D3B7D79F-7049-469E-8B05-0E51C580B6E5&Search=
Palo Alto,https://www.cityofpaloalto.org/Departments/City-Clerk/Council-Meeting-Agendas-and-Minutes
Palo Alto,https://www.cityofpaloalto.org/Departments/Planning-Development-Services/Planning-and-Transportation-Commission-PTC/Current-PTC-Agendas-Minutes
Milpitas,https://www.ci.milpitas.ca.gov/our-government/commission/planning-commission/planning-commission-meeting-agendas-and-minutes/
Milpitas,https://www.ci.milpitas.ca.gov/our-government/city-council/city-council-agendas-and-minutes-2/
Mountain View,https://mountainview.legistar.com/Calendar.aspx
Mountain View,https://www.mountainview.gov/council/future_agenda_items.asp
Santa Clara,https://santaclara.legistar.com/DepartmentDetail.aspx?ID=35649&GUID=32E11AAE-9E2A-411B-97B2-D576D68DEF1B&Mode=MainBody
Santa Clara,https://santaclara.legistar.com/DepartmentDetail.aspx?ID=35684&GUID=249B4801-61A9-45B3-A4BA-904F6F83C9D0&R=d80b9eb5-5805-4362-bb2f-d2d29948352d
Sunnyvale,https://sunnyvaleca.legistar.com/Calendar.aspx
Sunnyvale,https://sunnyvaleca.legistar.com/DepartmentDetail.aspx?ID=24675&GUID=92003858-11AA-4C13-A98E-15FFEAD40EC0&Mode=MainBody
San Jose,https://www.sanjoseca.gov/your-government/departments-offices/planning-building-code-enforcement/planning-division/commissions-hearings-and-developers-roundtable/planning-commission/agendas-minutes-2022
San Jose,https://sanjose.legistar.com/DepartmentDetail.aspx?ID=21676&GUID=ACCCCFF5-F14A-4E1A-8540-9065F45A8A90
Monte Sereno,https://montesereno.civicweb.net/Portal/MeetingInformation.aspx?Org=Cal&Id=108
Morgan Hill,https://www.morgan-hill.ca.gov/2101/Agendas-Minutes
Gilroy,https://cityofgilroy.org/965/Agendas-Minutes
Saratoga,https://www.saratoga.ca.us/AgendaCenter/City-Council-13
Los Altos,https://www.losaltosca.gov/meetings
Los Gatos,https://losgatos-ca.municodemeetings.com/
Cupertino,https://www.cupertino.org/our-city/agendas-minutes
Palo Alto,https://www.cityofpaloalto.org/Departments/City-Clerk/City-Meeting-Groups/Meeting-Agendas-and-Minutes
Milpitas,https://www.milpitas.gov/129/Agendas-Minutes
Mountain View,https://mountainview.legistar.com/Calendar.aspx
San Jose,https://www.sanjoseca.gov/your-government/appointees/city-clerk/council-agendas-minutes/council-agendas
San Jose,https://www.sanjoseca.gov/your-government/departments-offices/planning-building-code-enforcement/planning-division/commissions-hearings-and-developers-roundtable/planning-commission/planning-commission-agendas-minutes
SCC,"Meeting Portal - The County of Santa Clara, California (iqm2.com)"
Capitola,https://www.cityofcapitola.org/meetings
Santa Cruz,https://ecm.cityofsantacruz.com/OnBaseAgendaOnline/Meetings/Search?dropid=4&mtids=117
Santa Cruz,https://ecm.cityofsantacruz.com/OnBaseAgendaOnline/Meetings/Search?dropid=4&mtids=103%2C104%2C105%2C106
Scotts Valley,https://www.scottsvalley.gov/129/Agendas-Minutes
Scotts Valley,https://www.scottsvalley.org/AgendaCenter/Planning-Commission-2
Watsonville,https://www.cityofwatsonville.org/195/Planning-Commission
Watsonville,https://www.cityofwatsonville.org/2123/City-Council-Agendas-Minutes
Santa Cruz County,http://santacruzcountyca.iqm2.com/citizens/default.aspx?
Dixon,https://www.cityofdixon.us/MeetingAgendasMinutesVideos
Rio Vista,https://www.riovistacity.com/meeting-agenda-minutes/
Suisun City,https://www.suisun.com/government/city-council/city-council/
Benicia,https://www.ci.benicia.ca.us/agendas
Vacaville,https://www.ci.vacaville.ca.us/city-government/agendas-and-minutes
Vallejo,https://www.vallejo.gov/our_city/departments_divisions/city_manager/city_clerk/city_agendas_videos
Fairfield,https://www.fairfield.ca.gov/gov/city_council/ccm/default.asp
Fairfield,https://eservices.fairfield.ca.gov/WebLink/Browse.aspx?startid=43042&row=1&dbid=0
Vallejo,https://www.cityofvallejo.net/our_city/departments_divisions/city_manager/city_clerk/city_agendas_videos
Vacaville,https://www.cityofvacaville.gov/government/agendas-and-minutes
Sebastopol,https://ci.sebastopol.ca.us/Meeting-Event
Cotati,http://cotaticityca.iqm2.com/Citizens/calendar.aspx
Cloverdale,https://www.cloverdale.net/AgendaCenter
Healdsburg,https://healdsburgca.iqm2.com/Citizens/default.aspx
Sonoma,https://sonomacity.civicweb.net/Portal/MeetingSchedule.aspx
Windsor,https://www.townofwindsor.com/721/Agendas-Minutes-Videos
Rohnert Park,https://www.rpcity.org/city_hall/city_council/meeting_central
Petaluma,https://cityofpetaluma.org/meetings/
Santa Rosa,https://santa-rosa.legistar.com/Calendar.aspx
Rohnert Park,https://www.rpcity.org/cms/One.aspx?portalId=3037873&pageId=19410524
Petaluma,"The City Of Petaluma Public Meeting Agendas, Minutes And Videos"
Sebastopol,https://www.cityofsebastopol.gov/your-government/city-meeting-calendar/
Cloverdale,https://www.cloverdale.net/agendacenter
Turlock,https://ci.turlock.ca.us/government/turlockcitycouncil/councilmeetings.asp
Turlock,https://ci.turlock.ca.us/government/commissionscommittees/planningcommission/planningcommissionmeetings.asp
Ojai,https://ojai.ca.gov/planning-commission-agenda-and-reports/
Ojai,https://ojai.ca.gov/2021-council-agendas-and-reports/
Port Hueneme,http://porthuenemeca.suiteonemedia.com/web/Home.aspx
Fillmore,https://www.fillmoreca.gov/129/Agendas-Minutes-Video
Santa Paula,http://santapaulaca.iqm2.com/Citizens/default.aspx
Camarillo,https://www.ci.camarillo.ca.us/departments/city_clerk/planning_commmission_2021.php
Camarillo,https://www.ci.camarillo.ca.us/departments/city_clerk/cc_agendas_minutes_and_videos_2021.php
Thousand Oaks,https://www.toaks.org/departments/city-clerk/boards-commissions/planning-commission/planning-commission-agenda
Thousand Oaks,https://www.toaks.org/departments/city-clerk/agendas-minutes/city-council-agendas
Simi Valley,https://www.simivalley.org/government/public-meetings/planning-commission-meetings
Simi Valley,https://www.simivalley.org/government/city-council/city-council-meetings
Oxnard,https://www.oxnard.org/city-meetings/
Ventura,https://www.cityofventura.ca.gov/AgendaCenter
Camarillo,"Welcome to Camarillo, CA"
Ojai,2022 Council Agendas and Reports | City of Ojai (ca.gov)
Santa Paula,"Meeting Calendar - Santa Paula, CA (iqm2.com)"
Davis,https://www.cityofdavis.org/city-hall/city-council/city-council-meetings/agendas
West Sacramento,https://www.cityofwestsacramento.org/government/meetings-agendas/city-council
Marysville,http://marysvilleca.granicus.com/ViewPublisherRSS.php?view_id=1&mode=agendas
Wheatland,https://www.wheatland.ca.gov/meetings
Cotati,http://cotaticityca.iqm2.com/Citizens/calendar.aspx
Cotati,https://www.cotaticity.gov/1553/City-Council-and-Commission-Meeting-Info
Cloverdale,https://www.cloverdale.net/AgendaCenter
Cloverdale,https://www.cloverdale.net/AgendaCenter
Healdsburg,https://healdsburgca.iqm2.com/Citizens/default.aspx
Healdsburg,https://healdsburgca.iqm2.com/Citizens/default.aspx
Sonoma,https://sonomacity.civicweb.net/Portal/MeetingSchedule.aspx
Sonoma,https://sonomacity.civicweb.net/Portal/MeetingSchedule.aspx
Windsor,https://www.townofwindsor.com/721/Agendas-Minutes-Videos
Windsor,https://www.townofwindsor.com/721/Agendas-Minutes-Videos
Rohnert Park,https://www.rpcity.org/city_hall/city_council/meeting_central
Rohnert Park,https://www.rpcity.org/city_hall/city_council/meeting_central
Petaluma,https://cityofpetaluma.org/meetings/
Petaluma,https://cityofpetaluma.org/meetings/
Santa Rosa,https://santa-rosa.legistar.com/Calendar.aspx
Santa Rosa,https://santa-rosa.legistar.com/Calendar.aspx
Ceres,
Hughson,
Modesto,
Newman,
Oakdale,
Patterson,
Riverbank,
Turlock,https://ci.turlock.ca.us/government/turlockcitycouncil/councilmeetings.asp
Turlock,https://ci.turlock.ca.us/government/commissionscommittees/planningcommission/planningcommissionmeetings.asp
Waterford,
Live Oak,
Yuba City,
Tehama,
Corning,
Red Bluff,
Dinuba,
Exeter,
Farmersville,
Lindsay,
Porterville,
Tulare,
Visalia,
Woodlake,
Sonora,
Ojai,https://www.ojai.ca.gov/526/Agendas-Minutes
Ojai,https://www.ojai.ca.gov/526/Agendas-Minutes
Port Hueneme,http://porthuenemeca.suiteonemedia.com/web/Home.aspx
Fillmore,https://www.fillmoreca.gov/129/Agendas-Minutes-Video
Fillmore,https://www.fillmoreca.com/i-want-to/i-want-to-view-an-agenda
Santa Paula,https://www.spcity.org/523/Public-Meeting-Agendas
Santa Paula,https://santa-paula.granicus.com/ViewPublisher.php?view_id=5
Camarillo,https://www.ci.camarillo.ca.us/departments/city_clerk/planning_commmission_2021.php
Camarillo,http://ci.camarillo.ca.us/departments/city_clerk/meeting_agendas___public_hearing_notices/index.php
Thousand Oaks,https://www.toaks.org/departments/city-clerk/boards-commissions/planning-commission/planning-commission-agenda
Thousand Oaks,https://www.toaks.org/departments/city-clerk/agendas-minutes/city-council-agendas
Oxnard,https://www.oxnard.org/city-meetings/
Oxnard,https://www.oxnard.org/city-meetings/
Ventura,https://www.cityofventura.ca.gov/AgendaCenter
Ventura,https://www.cityofventura.ca.gov/AgendaCenter
Winters,
Davis,https://www.cityofdavis.org/city-hall/city-council/city-council-meetings/agendas
Woodland,
West Sacramento,https://www.cityofwestsacramento.org/government/meetings-agendas/city-council
Marysville,http://marysvilleca.granicus.com/ViewPublisherRSS.php?view_id=1&mode=agendas
Marysville,http://marysvilleca.granicus.com/ViewPublisherRSS.php?view_id=1&mode=agendas
Wheatland,https://www.wheatland.ca.gov/meetings
Wheatland,http://www.wheatland.ca.gov/agendas/